Pair,Stock1,Stock2,Alpha,Beta,Entry Threshold,Exit Threshold,Window Length,Sharpe,Sortino,CAGR,Total Return,Max Drawdown,Win Rate,Average Trade Return,Trade Count
MSCI-SHW,MSCI,SHW,-153.77141771280225,2.426249498537303,2.5,0.5,60,1.809695050494419,1.558573415896343,0.7033684427437827,5.450302612004486,-0.27202410580040665,0.8666666666666667,0.13628224198761804,15
HD-MSCI,HD,MSCI,96.41346899753019,0.3880221687822828,2.5,0.5,60,1.664006993616601,1.2597725731814844,0.23839726150913831,1.1135374153162645,-0.10055385566525339,0.9285714285714286,0.05570212649563049,14
AMD-WST,AMD,WST,-9.60497616763239,0.31533690238669343,2.5,0.5,60,1.3493650946275353,1.2861655860921575,0.2785912523520988,1.3635296286754137,-0.1403648518226853,0.9090909090909091,0.08421103288048931,11
HSY-SO,HSY,SO,-43.65802762450069,3.75924092937645,2.5,0.5,60,1.325455146985194,0.8871249013106279,0.4650285550451678,2.8059345348785776,-0.30895927020535235,1.0,0.16905014517740266,9
MSCI-NDSN,MSCI,NDSN,-243.07432849618198,3.3572187605852495,2.5,0.5,60,1.3079343778951749,0.7456597207692939,0.6893013088235616,5.265776721248906,-0.45674948592983955,0.9285714285714286,0.16703374898701542,14
ADI-TXN,ADI,TXN,4.430082939428683,0.9236887934671949,2.5,0.5,60,1.2937451440959744,1.1471772539038805,0.13778838939701132,0.5711412890568104,-0.06589840962874716,0.8181818181818182,0.04276109707351412,11
